business_name,address,category,phone,rating,description
The Ravenous Pig,"565 W Fairbanks Ave, Winter Park, FL 32789, USA",establishment,(407) 628-2333,4.5,"Stylish gastropub serving inventive New American fare, beers brewed on-site & handcrafted cocktails."
Mamazzita Gastrobar,"1949 W Sand Lake Rd, Orlando, FL 32809, USA",establishment,(689) 867-0201,4.6,Welcome to Mamazzita Gastrobar. We're proud to serve our community with quality products and exceptional service.
Express Orlando Plumbing & Drain Clean,"10100 International Dr, Orlando, FL 32821, USA",establishment,(407) 214-3024,4.8,Welcome to Express Orlando Plumbing & Drain Clean. We're proud to serve our community with quality products and exceptional service.
Orlando Water Heater Pros,"7149 Wooded Village Ln, Orlando, FL 32835, USA",establishment,(407) 710-6272,5,Welcome to Orlando Water Heater Pros. We're proud to serve our community with quality products and exceptional service.
J&G Plumbing,"316 N Parramore Ave Suite 378, Orlando, FL 32801, USA",establishment,(407) 759-3391,4.7,Welcome to J&G Plumbing. We're proud to serve our community with quality products and exceptional service.
Bryan Plumbing Inc,"3804 John Young Pkwy # 2, Orlando, FL 32804, USA",establishment,(407) 299-9006,4.2,Welcome to Bryan Plumbing Inc. We're proud to serve our community with quality products and exceptional service.
FRED Electrical Residential Services,"6452 Vineland Rd unit 106, Orlando, FL 32819, USA",electrician,(571) 982-9312,5,"FRED Electrical Residential Services - your trusted electrical experts. Safe, reliable electrical services for homes and businesses."
Assure Electrical Orlando,"4502 35th St #122, Orlando, FL 32811, USA",electrician,(689) 219-3080,4.6,"Assure Electrical Orlando - your trusted electrical experts. Safe, reliable electrical services for homes and businesses."
Orlando's Electric Handyman LLC,"703 Tournament Ln, Kissimmee, FL 34759, USA",establishment,,5,Welcome to Orlando's Electric Handyman LLC. We're proud to serve our community with quality products and exceptional service.
"Farina Electric, Inc.","2622 Taft Ave, Orlando, FL 32804, USA",electrician,(407) 538-2473,5,"Farina Electric, Inc. - your trusted electrical experts. Safe, reliable electrical services for homes and businesses."
1st Electricians,"1650 N Mills Ave, Orlando, FL 32803, USA",electrician,(407) 470-1559,5,"1st Electricians - your trusted electrical experts. Safe, reliable electrical services for homes and businesses."
Orlando HVAC Air Conditioning,"6000 N Orange Blossom Trl, Orlando, FL 32808, USA",establishment,(689) 698-5010,4.9,Welcome to Orlando HVAC Air Conditioning. We're proud to serve our community with quality products and exceptional service.
Orlando HVAC Services,"1307 Edgewater Dr, Orlando, FL 32804, USA",establishment,(321) 326-9050,5,Welcome to Orlando HVAC Services. We're proud to serve our community with quality products and exceptional service.
Premier Orlando HVAC Contractor Crew,"1314 Romano Ave, Orlando, FL 32807, USA",establishment,(407) 495-3515,5,Welcome to Premier Orlando HVAC Contractor Crew. We're proud to serve our community with quality products and exceptional service.
Orlando Air Conditioning,"217 Ernestine St, Orlando, FL 32801, USA",establishment,(239) 539-7986,5,Welcome to Orlando Air Conditioning. We're proud to serve our community with quality products and exceptional service.
Orlando Heating And Air Conditioning,"2144 Whisper Lakes Blvd, Orlando, FL 32837, USA",establishment,(407) 391-7342,3.7,Welcome to Orlando Heating And Air Conditioning. We're proud to serve our community with quality products and exceptional service.
"AC Tropical Contractor, LLC","6509 Yucatan Dr, Orlando, FL 32807, USA",establishment,(321) 221-0404,5,"Welcome to AC Tropical Contractor, LLC. We're proud to serve our community with quality products and exceptional service."
"Nations Landscaping, LLC","4915 Lake Gatlin Woods Ct, Orlando, FL 32806, USA",establishment,(407) 222-4646,4.4,"Welcome to Nations Landscaping, LLC. We're proud to serve our community with quality products and exceptional service."
Services Orlando Inc,"4749 S Orange Ave, Orlando, FL 32806, USA",establishment,,4.2,Welcome to Services Orlando Inc. We're proud to serve our community with quality products and exceptional service.
Imperial AC Repair Orlando,"946 Lee Rd #125, Orlando, FL 32804, USA",establishment,(689) 263-9764,5,Welcome to Imperial AC Repair Orlando. We're proud to serve our community with quality products and exceptional service.
City Beautiful Painter,"Orlando, FL 32839, USA",establishment,(407) 255-5365,4.9,Welcome to City Beautiful Painter. We're proud to serve our community with quality products and exceptional service.
Orlando Residential & Commercial Painters,"555 Northlake Blvd, Altamonte Springs, FL 32701, USA",establishment,(407) 777-4010,4.8,Welcome to Orlando Residential & Commercial Painters. We're proud to serve our community with quality products and exceptional service.
Orlando Handyman Services | Home Repairs & Installations | ProHandymanNow,"1701 W Wetherbee Rd, Orlando, FL 32837, USA",establishment,(407) 346-5405,4.9,Welcome to Orlando Handyman Services | Home Repairs & Installations | ProHandymanNow. We're proud to serve our community with quality products and exceptional service.
R&S Handyman Services LLC,"7737 Greytwig Ln, Orlando, FL 32818, USA",establishment,(407) 591-9301,5,Welcome to R&S Handyman Services LLC. We're proud to serve our community with quality products and exceptional service.
Rescue Automotive,"10531 E Colonial Dr, Orlando, FL 32817, USA",car_repair,(407) 658-9040,4.9,Expert auto service at Rescue Automotive. We keep your vehicle running smoothly with professional repairs and maintenance.
Black Sheep Automotive LLC,"7920 Pine Crossing Cir, Orlando, FL 32807, USA",car_repair,(321) 262-4317,4.9,Expert auto service at Black Sheep Automotive LLC. We keep your vehicle running smoothly with professional repairs and maintenance.
Pat's Mobile Auto Repair LLC Mechanic,"3704 Ibis Dr, Orlando, FL 32803, USA",car_repair,(561) 504-5452,4.8,Expert auto service at Pat's Mobile Auto Repair LLC Mechanic. We keep your vehicle running smoothly with professional repairs and maintenance.
Family D Auto Repair,"414 S Orange Blossom Trl, Orlando, FL 32805, USA",car_repair,(407) 418-1221,5,Expert auto service at Family D Auto Repair. We keep your vehicle running smoothly with professional repairs and maintenance.
Discount Auto Center & Mufflers Shop,"127 S Orange Blossom Trl, Orlando, FL 32805, USA",car_repair,(407) 425-8401,4.9,Expert auto service at Discount Auto Center & Mufflers Shop. We keep your vehicle running smoothly with professional repairs and maintenance.
Gaby's Auto Repair,"2000 S Orange Blossom Trl, Orlando, FL 32805, USA",car_repair,,3.9,Expert auto service at Gaby's Auto Repair. We keep your vehicle running smoothly with professional repairs and maintenance.
Gibney's Auto Repair Inc,"Gibney's Auto Repair, 2801 S Orange Blossom Trl, Orlando, FL 32805, USA",car_repair,(407) 426-9489,4.9,Expert auto service at Gibney's Auto Repair Inc. We keep your vehicle running smoothly with professional repairs and maintenance.
ORLANDO'S MECHANIC,"5336 Old Winter Garden Rd Suite 3, Orlando, FL 32811, USA",car_repair,(407) 535-0448,4.7,Expert auto service at ORLANDO'S MECHANIC. We keep your vehicle running smoothly with professional repairs and maintenance.
AUTO SERVICE M&M (TIRE SHOP),"1828 N Goldenrod Rd, Orlando, FL 32807, USA",car_repair,(407) 300-1552,4.8,Expert auto service at AUTO SERVICE M&M (TIRE SHOP). We keep your vehicle running smoothly with professional repairs and maintenance.
Rincon's Auto Shop,"8907 S Orange Blossom Trl, Orlando, FL 32809, USA",car_repair,(407) 569-5653,4.8,Expert auto service at Rincon's Auto Shop. We keep your vehicle running smoothly with professional repairs and maintenance.
High Superior Mobile Care LLC,"350 S McKinley Ave, Orlando, FL 32811, USA",car_repair,(515) 422-1206,4.9,Expert auto service at High Superior Mobile Care LLC. We keep your vehicle running smoothly with professional repairs and maintenance.
Evolution Deep Clean,"729 Executive Dr, Winter Park, FL 32789, USA",establishment,(407) 476-8525,4.9,Welcome to Evolution Deep Clean. We're proud to serve our community with quality products and exceptional service.
695 Carpet Cleaner Inc,"7222 Harwick Dr, Orlando, FL 32818, USA",establishment,(407) 556-5295,4.8,Welcome to 695 Carpet Cleaner Inc. We're proud to serve our community with quality products and exceptional service.
Orlando sidewalk & Driveway Inc,"4798 Muir Village, Orlando, FL 32808, USA",establishment,(321) 315-5287,5,Welcome to Orlando sidewalk & Driveway Inc. We're proud to serve our community with quality products and exceptional service.
JUNGLE TREE & DEBRIS Outdoor Services,"2915 Kilgore St, Orlando, FL 32803, USA",establishment,(321) 331-3912,4.8,Welcome to JUNGLE TREE & DEBRIS Outdoor Services. We're proud to serve our community with quality products and exceptional service.
Proklean Pressure Washing LLC,"5580 Century 21 Blvd apt 120, Orlando, FL 32807, USA",establishment,(407) 520-2943,5,Welcome to Proklean Pressure Washing LLC. We're proud to serve our community with quality products and exceptional service.
Garage Doctor Of Orlando Inc.,"7901 Yacht Basin Ave, Orlando, FL 32835, USA",establishment,(407) 796-2349,4.8,Welcome to Garage Doctor Of Orlando Inc.. We're proud to serve our community with quality products and exceptional service.
Lake Nona Garage Door Repair,"6900 Tavistock Lakes Blvd Suite 400, Orlando, FL 32827, USA",establishment,(407) 734-0336,4.9,Welcome to Lake Nona Garage Door Repair. We're proud to serve our community with quality products and exceptional service.
Winter Park GarageDoor Repair,"1400 Morgan Stanley Ave unit 362, Winter Park, FL 32789, USA",establishment,(321) 316-3061,4.9,Welcome to Winter Park GarageDoor Repair. We're proud to serve our community with quality products and exceptional service.
Pine Hills Garage Door Repair & Roofing Now,"5221 W Colonial Dr, Orlando, FL 32808, USA",establishment,(407) 634-3917,5,Welcome to Pine Hills Garage Door Repair & Roofing Now. We're proud to serve our community with quality products and exceptional service.
NICK GARAGE DOOR REPLACEMENT & SERVICES LLC,"2750 Taylor Ave a 101, Orlando, FL 32806, USA",establishment,(941) 777-3618,5,Welcome to NICK GARAGE DOOR REPLACEMENT & SERVICES LLC. We're proud to serve our community with quality products and exceptional service.
Mi Dr Phillips Garage Door Repair,"8218 Vía Verona, Orlando, FL 32836, USA",establishment,(407) 974-5700,4.9,Welcome to Mi Dr Phillips Garage Door Repair. We're proud to serve our community with quality products and exceptional service.
Infinite Garage Door's Co.,"2701 Rosedale Rd, Orlando, FL 32803, USA",establishment,(407) 459-8562,5,Welcome to Infinite Garage Door's Co.. We're proud to serve our community with quality products and exceptional service.
VortexFix Garage Door's CO.,"105 W Church St, Orlando, FL 32801, USA",establishment,(321) 415-8734,5,Welcome to VortexFix Garage Door's CO.. We're proud to serve our community with quality products and exceptional service.
Osceola Sewer and Drain Cleaning,"1757 Attilburgh Blvd, Melbourne, FL 32904, USA",establishment,(407) 325-7883,5,Welcome to Osceola Sewer and Drain Cleaning. We're proud to serve our community with quality products and exceptional service.
Best Plumbing Services Orlando FL,"3021 Zaharias Dr, Orlando, FL 32837, USA",establishment,(689) 262-4314,4.5,Welcome to Best Plumbing Services Orlando FL. We're proud to serve our community with quality products and exceptional service.
"Chaviano Handyman, LLC","13225 Greenpointe Dr, Orlando, FL 32824, USA",establishment,(407) 686-6325,4.8,"Welcome to Chaviano Handyman, LLC. We're proud to serve our community with quality products and exceptional service."
Jim Secretan Plumbing,"3134 Timucua Cir, Orlando, FL 32837, USA",establishment,(407) 240-8338,4.4,Welcome to Jim Secretan Plumbing. We're proud to serve our community with quality products and exceptional service.
"Grace Services and Contracting, LLC","2447 Quail Hollow Ave, Kissimmee, FL 34744, USA",electrician,(407) 419-1605,5,"Grace Services and Contracting, LLC - your trusted electrical experts. Safe, reliable electrical services for homes and businesses."
SUMATIME ELECTRIC LLC,"919 W Sumner St, Kissimmee, FL 34741, USA",electrician,(407) 488-4750,5,"SUMATIME ELECTRIC LLC - your trusted electrical experts. Safe, reliable electrical services for homes and businesses."
Kissimmee Heating & Cooling,"728 US-92, Kissimmee, FL 34741, USA",establishment,(407) 565-3933,4.4,Welcome to Kissimmee Heating & Cooling. We're proud to serve our community with quality products and exceptional service.
Jojoto grill,"507 W Vine St, Kissimmee, FL 34741, USA",establishment,(407) 758-6742,4.3,Welcome to Jojoto grill. We're proud to serve our community with quality products and exceptional service.
Titi Jessica's New Yorican Restaurant,"121 Broadway, Kissimmee, FL 34741, USA",establishment,(407) 676-3526,4.8,Welcome to Titi Jessica's New Yorican Restaurant. We're proud to serve our community with quality products and exceptional service.
Mu Restaurant,"3092 Michigan Ave, Kissimmee, FL 34744, USA",bar,(407) 483-8778,4.4,"Unwind and enjoy at Mu Restaurant. We offer a great selection of drinks, a vibrant atmosphere, and the perfect place to relax with friends."
Southern Breeze,"5770 W Irlo Bronson Memorial Hwy, Kissimmee, FL 34746, USA",bar,(407) 397-4004,4.1,"Chill, loftlike bar with classic comfort foods, beer & daiquiris, plus TV sports & outdoor seating."
Miguelo's Ultra Lounge,"219 Broadway, Kissimmee, FL 34741, USA",bar,(689) 296-1208,4.3,"Unwind and enjoy at Miguelo's Ultra Lounge. We offer a great selection of drinks, a vibrant atmosphere, and the perfect place to relax with friends."
"The Hen & Hog, Winter Park, FL","221 W Fairbanks Ave, Winter Park, FL 32789, USA",establishment,(407) 637-2863,4.4,"Welcome to The Hen & Hog, Winter Park, FL. We're proud to serve our community with quality products and exceptional service."

